ts_epoch_s,rss_kb,threads
1772494116,1392,0
1772494121,1392,0
1772494126,1392,0
1772494131,1392,0
1772494136,1392,0
1772494141,1392,0
1772494146,1392,0
1772494151,1392,0
1772494156,1392,0
1772494161,1392,0
1772494166,1392,0
1772494171,1392,0
1772494176,1392,0
1772494181,1392,0
1772494186,1392,0
1772494191,1392,0
1772494196,1392,0
1772494201,1392,0
1772494206,1392,0
1772494211,1392,0
1772494216,1392,0
1772494221,1392,0
1772494226,1392,0
1772494231,1392,0
1772494237,1392,0
1772494242,1392,0
1772494247,1392,0
1772494252,1392,0
1772494257,1392,0
1772494262,1392,0
1772494267,1392,0
1772494272,1392,0
1772494277,1392,0
1772494282,1392,0
1772494287,1392,0
1772494292,1392,0
1772494297,1392,0
1772494302,1392,0
1772494307,1392,0
1772494312,1392,0
1772494317,1392,0
1772494322,1392,0
1772494327,1392,0
1772494332,1392,0
1772494337,1392,0
1772494342,1392,0
1772494347,1392,0
1772494352,1392,0
1772494357,1392,0
1772494362,1392,0
1772494367,1392,0
1772494372,1392,0
1772494377,1392,0
1772494382,1392,0
1772494387,1392,0
1772494392,1392,0
1772494397,1392,0
1772494402,1392,0
1772494407,1392,0
1772494412,1392,0
1772494417,1392,0
1772494422,1392,0
1772494427,1392,0
1772494432,1392,0
1772494437,1392,0
1772494442,1392,0
1772494447,1392,0
1772494452,1392,0
1772494457,1392,0
1772494462,1392,0
1772494467,1392,0
1772494472,1392,0
1772494477,1392,0
1772494482,1392,0
1772494487,1392,0
1772494492,1392,0
1772494497,1392,0
1772494502,1392,0
1772494507,1392,0
1772494513,1392,0
1772494518,1392,0
1772494523,1392,0
1772494528,1392,0
1772494533,1392,0
1772494538,1392,0
1772494543,1392,0
1772494548,1392,0
1772494553,1392,0
1772494558,1392,0
1772494563,1392,0
1772494568,1392,0
1772494573,1392,0
1772494578,1392,0
1772494583,1392,0
1772494588,1392,0
1772494593,1392,0
1772494598,1392,0
1772494603,1392,0
1772494608,1392,0
1772494613,1392,0
1772494618,1392,0
1772494623,1392,0
1772494628,1392,0
1772494633,1392,0
1772494638,1392,0
1772494643,1392,0
1772494648,1392,0
1772494653,1392,0
1772494658,1392,0
1772494663,1392,0
1772494668,1392,0
1772494673,1392,0
1772494678,1392,0
1772494683,1392,0
1772494688,1392,0
1772494693,1392,0
1772494698,1392,0
1772494703,1392,0
1772494708,1392,0
1772494713,1392,0
